Date,Open,High,Low,Close,Adj Close,Volume
2015.1.2,4165,4285,4155,4285,4238.118164,413610
2015.1.5,4320,4420,4305,4390,4341.969238,776441
2015.1.6,4370,4415,4300,4350,4302.407227,404855
2015.1.7,4310,4410,4265,4395,4346.914551,411150
2015.1.8,4370,4410,4330,4350,4302.407227,215574
2015.1.9,4370,4390,4335,4345,4297.461914,238189
2015.1.12,4430,4685,4430,4550,4500.21875,1751643
2015.1.13,4540,4550,4400,4410,4361.750488,434337
2015.1.14,4470,4590,4415,4590,4539.78125,503337
2015.1.15,4535,4565,4490,4560,4510.109375,282560
2015.1.16,4520,4580,4440,4505,4455.711426,550177
2015.1.19,4560,4630,4460,4600,4549.671875,645409
2015.1.20,4640,4645,4555,4580,4529.890625,323136
2015.1.21,4570,4650,4525,4620,4569.453125,435599
2015.1.22,4600,4640,4455,4455,4406.258301,511953
2015.1.23,4495,4640,4455,4630,4579.34375,425882
2015.1.26,4775,4780,4650,4650,4599.125,471087
2015.1.27,4635,4765,4540,4540,4490.328125,463456
2015.1.28,4525,4720,4525,4680,4628.796387,385288
2015.1.29,4680,4770,4655,4665,4613.960449,514274
2015.1.30,4660,4685,4570,4615,4564.507813,384028
2015.2.2,4670,4820,4615,4815,4762.319336,710842
2015.2.3,4790,4870,4750,4810,4757.374023,444676
2015.2.4,4850,4870,4780,4815,4762.319336,281410
2015.2.5,4810,4920,4770,4800,4747.483398,440875
2015.2.6,4835,4835,4730,4735,4683.194824,363134
2015.2.9,4810,4835,4650,4650,4599.125,498819
2015.2.10,4630,4650,4455,4465,4416.148926,577450
2015.2.11,4485,4600,4485,4550,4500.21875,280623
2015.2.12,4600,4815,4525,4570,4520,1104771
2015.2.13,4580,4670,4560,4620,4569.453125,431282
2015.2.16,4610,4880,4590,4725,4673.304199,879994
2015.2.17,4700,4940,4700,4900,4846.389648,932614
2015.2.23,4850,5110,4800,4975,4920.568848,1324225
2015.2.24,4975,5000,4890,4945,4890.896973,533384
2015.2.25,4990,5230,4945,5000,4945.29541,1236481
2015.2.26,4960,5100,4955,5030,4974.967285,485491
2015.2.27,5050,5320,5050,5170,5113.435547,1200330
2015.3.2,5310,5400,5120,5150,5093.654297,1330627
2015.3.3,5150,5290,5060,5120,5063.982422,884220
2015.3.4,5120,5180,5030,5130,5073.873047,422593
2015.3.5,5180,5180,4950,4950,4895.842285,547639
2015.3.6,4955,4970,4890,4925,4871.116211,395228
2015.3.9,4905,4935,4645,4660,4609.015137,709313
2015.3.10,4700,4755,4635,4680,4628.796387,447762
2015.3.11,4705,4755,4650,4705,4653.522949,220742
2015.3.12,4710,4805,4700,4780,4727.702637,316238
2015.3.13,4795,4895,4750,4820,4767.264648,434505
2015.3.16,4820,4845,4745,4755,4702.976074,280267
2015.3.17,4780,4835,4735,4755,4702.976074,290443
2015.3.18,4775,4785,4715,4725,4673.304199,218977
2015.3.19,4760,4805,4655,4685,4633.741699,291965
2015.3.20,4675,4750,4675,4715,4663.413574,144955
2015.3.23,4780,4950,4775,4810,4757.374023,1149936
2015.3.24,4740,4860,4715,4800,4747.483398,472113
2015.3.25,4825,4845,4775,4785,4732.647949,307944
2015.3.26,4775,4785,4720,4750,4698.030762,247252
2015.3.27,4775,4810,4730,4740,4688.140137,301989
2015.3.30,4745,4985,4745,4985,4930.459473,1000908
2015.3.31,5000,5070,4900,5010,4955.186035,635624
2015.4.1,4990,5050,4925,4940,4885.952148,262765
2015.4.2,4930,5270,4845,5150,5093.654297,1796912
2015.4.3,5220,5380,5070,5320,5261.794434,1646035
2015.4.6,5270,5480,5260,5330,5271.685059,946006
2015.4.7,5370,5390,5220,5250,5192.560059,481660
2015.4.8,5300,5350,5050,5190,5133.216797,1012813
2015.4.9,5190,5450,5140,5190,5133.216797,713363
2015.4.10,5190,5450,5190,5340,5281.575684,737384
2015.4.13,5250,5340,5170,5220,5162.888672,526297
2015.4.14,5240,5280,5020,5080,5024.42041,569486
2015.4.15,5120,5370,5100,5370,5311.247559,590638
2015.4.16,5590,5740,5210,5250,5192.560059,1497161
2015.4.17,5320,5370,5250,5310,5251.903809,473222
2015.4.20,5270,5300,5140,5190,5133.216797,427875
2015.4.21,5240,5610,5150,5580,5518.949707,1753966
2015.4.22,5530,5700,5050,5380,5321.137695,932928
2015.4.23,5380,5440,5070,5110,5054.091797,579385
2015.4.24,5110,5250,5050,5220,5162.888672,425177
2015.4.27,5170,5300,5160,5270,5212.341309,287650
2015.4.28,5260,5290,5050,5090,5034.310547,326611
2015.4.29,5110,5200,5050,5130,5073.873047,243217
2015.4.30,5130,5240,5050,5070,5014.529785,357669
2015.5.4,5100,5150,4960,5010,4955.186035,286263
2015.5.6,4915,5040,4845,4860,4806.827148,164282
2015.5.7,4810,4885,4655,4780,4727.702637,349253
2015.5.8,4810,4925,4745,4890,4836.499023,164274
2015.5.11,5080,5130,4920,4925,4871.116211,473669
2015.5.12,4945,4970,4850,4920,4866.170898,340021
2015.5.13,4950,5060,4870,4925,4871.116211,266516
2015.5.14,4975,5190,4965,4965,4910.678223,872582
2015.5.15,5000,5100,4925,4980,4925.51416,432379
2015.5.18,4925,4970,4680,4680,4628.796387,647104
2015.5.19,4600,4655,4480,4560,4510.109375,901756
2015.5.20,4580,4720,4550,4720,4668.358887,505216
2015.5.21,4660,4840,4600,4690,4638.687012,584623
2015.5.22,4660,4720,4625,4675,4623.851074,323309
2015.5.26,4630,4680,4605,4635,4584.289063,257762
2015.5.27,4620,4645,4490,4500,4450.766113,281229
2015.5.28,4520,4675,4510,4550,4500.21875,270240
2015.5.29,4585,4635,4525,4555,4505.164063,253942
2015.6.1,4535,4540,4410,4520,4470.546875,201691
2015.6.2,4510,4585,4445,4450,4401.312988,270567
2015.6.3,4440,4500,4375,4430,4381.531738,174874
2015.6.4,4410,4550,4410,4500,4450.766113,159487
2015.6.5,4460,4535,4430,4480,4430.984863,162952
2015.6.8,4495,4555,4440,4490,4440.875488,211454
2015.6.9,4495,4535,4420,4525,4475.492188,201663
2015.6.10,4525,4610,4485,4490,4440.875488,216752
2015.6.11,4510,4530,4450,4455,4406.258301,117503
2015.6.12,4450,4500,4265,4285,4238.118164,265744
2015.6.15,4280,4320,4210,4270,4223.282227,117182
2015.6.16,4175,4270,4095,4150,4104.595215,203190
2015.6.17,4190,4445,4170,4380,4332.078613,357349
2015.6.18,4380,4435,4305,4350,4302.407227,119919
2015.6.19,4350,4385,4300,4385,4337.023926,107909
2015.6.22,4400,4400,4300,4370,4322.187988,86835
2015.6.23,4425,4440,4375,4440,4391.422363,103213
2015.6.24,4500,4550,4460,4460,4411.203613,156779
2015.6.25,4410,4565,4410,4475,4426.039551,171437
2015.6.26,4520,4520,4350,4350,4302.407227,328149
2015.6.29,4305,4410,4095,4120,4074.92334,321731
2015.6.30,4100,4205,4040,4180,4134.26709,189740
2015.7.1,4180,4250,4160,4195,4149.103027,152714
2015.7.2,4200,4285,4175,4220,4173.82959,133753
2015.7.3,4200,4235,4100,4100,4055.142334,281912
2015.7.6,4010,4065,3920,3940,3896.892822,283392
2015.7.7,3970,4035,3900,3950,3906.783447,296658
2015.7.8,3950,4055,3945,4000,3956.236328,129156
2015.7.9,3930,3945,3830,3925,3882.056885,189327
2015.7.10,3925,3985,3900,3940,3896.892822,90804
2015.7.13,3940,4060,3935,4050,4005.689209,111550
2015.7.14,4085,4165,4055,4130,4084.813965,141028
2015.7.15,4170,4175,4075,4100,4055.142334,122949
2015.7.16,4100,4200,4100,4165,4119.431152,145797
2015.7.17,4180,4190,4120,4165,4119.431152,103471
2015.7.20,4160,4205,4150,4175,4129.321777,167421
2015.7.21,5420,5420,4385,4395,4346.914551,4916085
2015.7.22,4405,4475,4225,4250,4203.500977,855227
2015.7.23,4280,4315,4235,4250,4203.500977,356282
2015.7.24,4240,4295,4225,4265,4218.336914,278417
2015.7.27,4250,4260,4100,4110,4065.032959,312293
2015.7.28,4040,4125,4010,4075,4030.415771,172866
2015.7.29,4090,4255,4090,4135,4089.759277,253601
2015.7.30,4130,4165,3970,4035,3990.853516,292858
2015.7.31,4020,4085,4015,4060,4015.579834,114538
2015.8.3,4075,4135,4060,4065,4020.525146,133037
2015.8.4,4070,4145,4020,4140,4094.70459,107901
2015.8.5,4140,4210,4140,4165,4119.431152,146217
2015.8.6,4180,4250,4145,4205,4158.993652,128935
2015.8.7,4195,4265,4175,4220,4173.82959,180101
2015.8.10,4215,4480,4200,4385,4337.023926,1134289
2015.8.11,4510,5230,4480,4735,4683.194824,8038667
2015.8.12,4780,4850,4395,4500,4450.766113,2302758
2015.8.13,4495,4645,4420,4580,4529.890625,1057110
2015.8.14,4580,4580,4580,4580,4529.890625,0
2015.8.17,4580,4735,4470,4480,4430.984863,1553782
2015.8.18,4415,4445,4160,4195,4149.103027,739927
2015.8.19,4125,4290,4005,4085,4040.306396,763589
2015.8.20,4000,4185,4000,4020,3976.017578,700078
2015.8.21,4760,5080,4485,4795,4742.538574,13510142
2015.8.24,4110,4430,3960,3960,3916.674072,5073090
2015.8.25,3605,3730,3470,3700,3659.518555,3034804
2015.8.26,3690,3775,3615,3680,3639.737549,1565970
2015.8.27,3730,3805,3685,3730,3689.19043,1219778
2015.8.28,3780,3895,3735,3750,3708.97168,1493583
2015.8.31,3755,3760,3715,3735,3694.135742,451013
2015.9.1,3750,3750,3650,3655,3615.010986,492190
2015.9.2,3575,3775,3560,3725,3684.245117,766466
2015.9.3,3725,3805,3720,3755,3713.916992,584772
2015.9.4,3755,3765,3640,3650,3610.065674,403892
2015.9.7,3650,3725,3620,3720,3679.299805,241300
2015.9.8,3740,3750,3670,3680,3639.737549,265004
2015.9.9,3695,3740,3685,3730,3689.19043,239471
2015.9.10,3700,3810,3700,3785,3743.588623,388560
2015.9.11,3785,3855,3765,3840,3797.986816,354289
2015.9.14,3860,3860,3780,3800,3758.424561,207393
2015.9.15,3970,4200,3870,4070,4025.470459,2065346
2015.9.16,4055,4065,3970,4010,3966.126953,961541
2015.9.17,3985,3990,3900,3965,3921.619385,534308
2015.9.18,3960,4050,3935,4050,4005.689209,434109
2015.9.21,4045,4045,3985,4020,3976.017578,227601
2015.9.22,4020,4065,4005,4030,3985.908203,329437
2015.9.23,4025,4130,4005,4005,3961.181641,721048
2015.9.24,4080,4200,4050,4140,4094.70459,1594919
2015.9.25,4145,4240,4105,4175,4129.321777,751609
2015.9.30,4160,4160,4085,4130,4084.813965,536883
2015.10.1,4120,4190,4105,4160,4114.48584,450225
2015.10.2,4155,4435,4110,4235,4188.665039,1931168
2015.10.5,4115,4120,4030,4045,4000.744141,796021
2015.10.6,4020,4150,4020,4070,4025.470459,409968
2015.10.7,4055,4150,4050,4115,4069.978271,294983
2015.10.8,4120,4120,4060,4095,4050.197021,341458
2015.10.12,4030,4090,4015,4090,4045.251709,369961
2015.10.13,4080,4135,4060,4065,4020.525146,295019
2015.10.14,4100,4100,4045,4070,4025.470459,197967
2015.10.15,4095,4155,4060,4135,4089.759277,311431
2015.10.16,4155,4175,4120,4145,4099.649902,281311
2015.10.19,4120,4150,4080,4085,4040.306396,216005
2015.10.20,4100,4170,4090,4140,4094.70459,233004
2015.10.21,4140,4230,4140,4200,4154.04834,428852
2015.10.22,4205,4230,4025,4035,3990.853516,496005
2015.10.23,4080,4140,4040,4095,4050.197021,209291
2015.10.26,4100,4180,4100,4135,4089.759277,219306
2015.10.27,4090,4135,4070,4090,4045.251709,156603
2015.10.28,4075,4410,4075,4215,4168.884277,1901647
2015.10.29,4245,4250,4150,4165,4119.431152,435875
2015.10.30,4210,4315,4180,4295,4248.008789,802725
2015.11.2,4260,4305,4170,4185,4139.212402,335630
2015.11.3,4185,4215,4120,4170,4124.376465,303954
2015.11.4,4155,4170,4085,4115,4069.978271,302678
2015.11.5,4120,4160,4080,4130,4084.813965,151438
2015.11.6,4120,4130,3980,4020,3976.017578,492132
2015.11.9,4010,4015,3805,3805,3763.369873,472939
2015.11.10,3730,3775,3700,3755,3713.916992,190698
2015.11.11,3755,3950,3750,3830,3788.096436,256859
2015.11.12,3850,3875,3800,3865,3822.713379,123931
2015.11.13,3825,3850,3765,3820,3778.205811,204499
2015.11.16,4030,4150,3855,3865,3822.713379,1563752
2015.11.17,3855,3900,3780,3895,3852.385254,327289
2015.11.18,3900,3950,3870,3950,3906.783447,322693
2015.11.19,3950,3975,3910,3940,3896.892822,172789
2015.11.20,3945,4175,3945,4115,4069.978271,850045
2015.11.23,4140,4210,4070,4070,4025.470459,382436
2015.11.24,4075,4230,4040,4170,4124.376465,363155
2015.11.25,4210,4315,4160,4240,4193.610352,795537
2015.11.26,4220,4465,4220,4260,4213.391602,1826672
2015.11.27,4385,4395,4170,4285,4238.118164,572999
2015.11.30,4240,4280,4110,4110,4065.032959,330721
2015.12.1,4115,4230,4115,4160,4114.48584,234838
2015.12.2,4230,4335,4185,4270,4223.282227,549877
2015.12.3,4275,4370,4275,4335,4287.571289,442465
2015.12.4,4280,4305,4190,4290,4243.063477,273054
2015.12.7,4420,4475,4245,4370,4322.187988,538373
2015.12.8,4430,4430,4275,4275,4228.227539,382848
2015.12.9,4240,4365,4240,4260,4213.391602,445562
2015.12.10,4275,4285,4095,4140,4094.70459,400937
2015.12.11,4210,4460,4190,4325,4277.680664,809110
2015.12.14,4325,4390,4240,4250,4203.500977,368221
2015.12.15,4255,4375,4250,4335,4287.571289,332649
2015.12.16,4370,4425,4270,4270,4223.282227,385264
2015.12.17,4305,4420,4280,4375,4327.133301,405266
2015.12.18,4360,4490,4355,4465,4416.148926,449478
2015.12.21,4495,4575,4435,4505,4455.711426,547633
2015.12.22,4550,4575,4395,4400,4351.859863,342898
2015.12.23,4440,4445,4360,4360,4312.297852,226679
2015.12.24,4410,4455,4330,4415,4366.695801,296836
2015.12.28,4455,4750,4450,4570,4520,1264943
2015.12.29,4570,4575,4465,4535,4535,345767
2015.12.30,4580,4600,4420,4440,4440,394358
2016.1.4,4435,4665,4435,4585,4585,602069
2016.1.5,4555,4585,4475,4525,4525,378627
2016.1.6,4530,5860,4490,5270,5270,21852732
2016.1.7,5020,5070,4700,4720,4720,5528414
2016.1.8,5570,5840,5100,5240,5240,13738370
2016.1.11,4950,5030,4800,4830,4830,2591061
2016.1.12,4770,4820,4595,4595,4595,1986347
2016.1.13,4600,4740,4580,4600,4600,2004219
2016.1.14,4660,4715,4610,4645,4645,1502999
2016.1.15,4620,4740,4550,4715,4715,1408440
2016.1.18,4545,4550,4375,4380,4380,953412
2016.1.19,4380,4425,4330,4360,4360,543110
2016.1.20,4320,4360,4085,4120,4120,908282
2016.1.21,4120,4245,3980,4125,4125,690205
2016.1.22,4130,4185,4110,4170,4170,422622
2016.1.25,4210,4235,4160,4205,4205,422589
2016.1.26,4190,4205,4120,4150,4150,396394
2016.1.27,4170,4245,4125,4170,4170,490787
2016.1.28,4400,4515,4320,4405,4405,2858879
2016.1.29,4415,4440,4335,4420,4420,814064
2016.2.1,4410,4410,4330,4355,4355,464814
2016.2.2,4325,4480,4300,4370,4370,527871
2016.2.3,4625,4700,4405,4405,4405,2499298
2016.2.4,4460,4610,4445,4580,4580,1237203
2016.2.5,4650,4660,4525,4600,4600,1010273
2016.2.11,5350,5980,5170,5900,5900,11999825
2016.2.12,5760,7290,5680,5900,5900,26657509
2016.2.15,6010,6050,5320,5560,5560,6700632
2016.2.16,5600,6210,5520,5750,5750,7280273
2016.2.17,5810,6800,5810,6270,6270,15180922
2016.2.18,6050,6340,5880,5950,5950,4388965
2016.2.19,5860,5950,5550,5610,5610,3158945
2016.2.22,5790,5870,5390,5390,5390,3046948
2016.2.23,5430,6140,5350,5520,5520,10255274
2016.2.24,5710,6180,5680,6000,6000,9234296
2016.2.25,5850,5920,5450,5530,5530,3204144
2016.2.26,5510,5680,5460,5630,5630,1827188
2016.2.29,5460,5620,5390,5530,5530,1592097
2016.3.2,5520,5660,5470,5590,5590,1657611
2016.3.3,5550,6540,5410,5700,5700,11046079
2016.3.4,5920,6000,5720,5810,5810,2816967
2016.3.7,5900,6340,5840,6110,6110,7000339
2016.3.8,6110,6180,5900,5910,5910,2533179
2016.3.9,5930,6050,5670,5670,5670,1778160
2016.3.10,5870,5940,5660,5680,5680,2338781
2016.3.11,5680,5700,5490,5500,5500,1117115
2016.3.14,5420,5460,5280,5340,5340,793640
2016.3.15,5500,5780,5450,5560,5560,2578174
2016.3.16,5450,5600,5350,5540,5540,1055056
2016.3.17,5490,5550,5430,5450,5450,575529
2016.3.18,5590,5610,5400,5420,5420,871735
2016.3.21,5450,5550,5380,5520,5520,762451
2016.3.22,5590,5630,5410,5410,5410,660660
2016.3.23,5440,5490,5400,5420,5420,459575
2016.3.24,5390,5600,5350,5420,5420,985474
2016.3.25,5430,5530,5420,5510,5510,520295
2016.3.28,5480,5540,5420,5450,5450,369967
2016.3.29,5450,5460,5370,5370,5370,392443
2016.3.30,5400,5420,5360,5370,5370,297591
2016.3.31,5380,5560,5370,5440,5440,682763
2016.4.1,5460,5600,5410,5500,5500,741531
2016.4.4,5450,5460,5100,5170,5170,891450
2016.4.5,5140,5210,5030,5150,5150,460388
2016.4.6,5160,5240,5080,5080,5080,381111
2016.4.7,5090,5140,5040,5080,5080,314730
2016.4.8,5050,5090,4895,4935,4935,525572
2016.4.11,4920,5130,4920,5070,5070,352654
2016.4.12,5100,5120,5010,5050,5050,250355
2016.4.14,5080,5440,5060,5410,5410,1344805
2016.4.15,5310,5420,5250,5380,5380,640793
2016.4.18,5480,5650,5430,5600,5600,1426346
2016.4.19,5600,5640,5510,5600,5600,639420
2016.4.20,5590,5600,5420,5560,5560,653778
2016.4.21,5500,5630,5460,5610,5610,615949
2016.4.22,5670,5800,5570,5700,5700,1243203
2016.4.25,5800,5910,5600,5600,5600,1812710
2016.4.26,5510,5520,5290,5380,5380,876246
2016.4.27,5380,5430,5330,5380,5380,348018
2016.4.28,5400,5570,5390,5500,5500,608526
2016.4.29,5570,5570,5380,5470,5470,463427
2016.5.2,5400,5440,5180,5280,5280,481534
2016.5.3,5230,5350,5040,5340,5340,481884
2016.5.4,5290,5330,5130,5150,5150,504570
2016.5.9,4950,4965,4815,4815,4815,612100
2016.5.10,4695,4890,4695,4850,4850,421173
2016.5.11,4855,4955,4855,4895,4895,177844
2016.5.12,4895,5090,4835,4940,4940,370647
2016.5.13,5020,5040,4915,4950,4950,248324
2016.5.16,4920,5260,4830,5200,5200,1140188
2016.5.17,5350,6150,5240,5750,5750,7845842
2016.5.18,5790,6050,5550,5830,5830,2678774
2016.5.19,5900,5910,5450,5540,5540,1460638
2016.5.20,5450,5520,5260,5320,5320,1270415
2016.5.23,5370,5570,5290,5340,5340,920829
2016.5.24,5230,5290,5060,5060,5060,875017
2016.5.25,5170,5190,4945,4950,4950,559020
2016.5.26,5140,5380,5080,5090,5090,1414241
2016.5.27,5180,5240,5080,5210,5210,410835
2016.5.30,5190,5210,5010,5040,5040,389418
2016.5.31,5200,5260,5060,5070,5070,505026
2016.6.1,5070,5090,4955,4975,4975,368359
2016.6.2,4950,5040,4940,4990,4990,237411
2016.6.3,4990,5120,4990,5080,5080,311134
2016.6.7,5070,5150,5010,5090,5090,241682
2016.6.8,5120,5130,4990,5030,5030,264130
2016.6.9,5020,5100,4980,5000,5000,255435
2016.6.10,4980,5060,4980,5020,5020,221433
2016.6.13,5000,5010,4905,4950,4950,201023
2016.6.14,4900,4930,4785,4850,4850,271171
2016.6.15,4850,4895,4780,4870,4870,139154
2016.6.16,4890,4920,4740,4790,4790,219758
2016.6.17,4795,5160,4790,4900,4900,675937
2016.6.20,4900,5030,4865,5020,5020,335874
2016.6.21,5020,5220,4960,5150,5150,1218936
2016.6.22,5050,5100,4990,5000,5000,432511
2016.6.23,5060,5060,4850,4860,4860,399646
2016.6.24,4890,4930,4320,4460,4460,790775
2016.6.27,4400,4585,4335,4545,4545,497912
2016.6.28,4500,4730,4470,4630,4630,348610
2016.6.29,4700,4730,4655,4690,4690,227870
2016.6.30,4700,4815,4695,4770,4770,203286
2016.7.1,4755,4865,4755,4865,4865,217309
2016.7.4,4910,4950,4830,4845,4845,150010
2016.7.5,4850,4935,4840,4905,4905,221714
2016.7.6,4915,4915,4650,4785,4785,279740
2016.7.7,4800,4995,4800,4950,4950,365851
2016.7.8,5060,5930,4950,5500,5500,13389555
2016.7.11,5510,6060,5450,5530,5530,9251562
2016.7.12,5540,5620,5290,5430,5430,2793074
2016.7.13,5520,5590,5390,5440,5440,1819916
2016.7.14,5360,5390,5230,5290,5290,888135
2016.7.15,5310,5350,5210,5270,5270,525958
2016.7.18,5250,5310,5190,5250,5250,412809
2016.7.19,5330,5390,5170,5170,5170,685966
2016.7.20,5170,5230,5150,5200,5200,254737
2016.7.21,5270,5400,5210,5270,5270,711104
2016.7.22,5300,5360,5210,5330,5330,384559
2016.7.25,5290,5380,5280,5320,5320,311170
2016.7.26,5330,5390,5270,5370,5370,369928
2016.7.27,5340,5340,5120,5170,5170,463054
2016.7.28,5180,5340,5140,5190,5190,436960
2016.7.29,5190,5280,5170,5230,5230,186069
2016.8.1,5200,5230,5110,5210,5210,201146
2016.8.2,5210,5330,5160,5330,5330,320116
2016.8.3,5410,5450,5240,5260,5260,618895
2016.8.4,5260,5320,5220,5230,5230,183744
2016.8.5,5230,5250,5150,5150,5150,260168
2016.8.8,5170,5230,5150,5190,5190,149220
2016.8.9,5210,5220,5150,5160,5160,128893
2016.8.10,5160,5230,5130,5200,5200,118609
2016.8.11,5200,5220,5140,5160,5160,120257
2016.8.12,5180,5330,5150,5290,5290,286604
2016.8.16,5290,5310,5220,5230,5230,194828
2016.8.17,5170,5260,5120,5250,5250,176175
2016.8.18,5300,5440,5280,5380,5380,753004
2016.8.19,5360,5450,5330,5380,5380,376848
2016.8.22,5430,5560,5390,5460,5460,873086
2016.8.23,5460,5460,5250,5290,5290,551863
2016.8.24,5350,5350,5130,5160,5160,699750
2016.8.25,5160,5180,4970,4995,4995,611886
2016.8.26,4995,5060,4970,4970,4970,222570
2016.8.29,4920,5090,4855,4980,4980,324960
2016.8.30,4970,5360,4970,5150,5150,1056189
2016.8.31,5110,5160,4995,4995,4995,241405
2016.9.1,4955,5080,4955,5000,5000,201367
2016.9.2,5000,5030,4925,4985,4985,201898
2016.9.5,4980,5190,4950,5040,5040,550338
2016.9.6,5040,5040,4960,4980,4980,163934
2016.9.7,4980,4995,4855,4880,4880,290194
2016.9.8,4840,4935,4820,4860,4860,185995
2016.9.9,4860,5700,4800,5150,5150,11908122
2016.9.12,5300,5420,5110,5190,5190,2135040
2016.9.13,5210,5230,4940,4970,4970,1332473
2016.9.19,4960,5270,4950,5190,5190,1013355
2016.9.20,5160,5410,5160,5270,5270,935325
2016.9.21,5370,5480,5250,5340,5340,1102911
2016.9.22,5350,5400,5240,5330,5330,686394
2016.9.23,5370,5580,5330,5550,5550,1285936
2016.9.26,5550,5770,5490,5650,5650,1093799
2016.9.27,5670,5670,5430,5500,5500,803930
2016.9.28,5500,5560,5410,5420,5420,351345
2016.9.29,5420,5890,5420,5770,5770,1793474
2016.9.30,5750,5870,5460,5660,5660,734388
2016.10.4,5700,5810,5630,5780,5780,501019
2016.10.5,5790,5870,5660,5800,5800,450317
2016.10.6,5830,5850,5700,5700,5700,486506
2016.10.7,5730,6040,5710,5890,5890,3501433
2016.10.10,5860,5930,5410,5450,5450,1656818
2016.10.11,5330,5400,5200,5220,5220,887209
2016.10.12,5220,5290,5160,5230,5230,417267
2016.10.13,5220,5370,5180,5230,5230,443981
2016.10.14,5250,5280,5200,5200,5200,249829
2016.10.17,5250,5360,5200,5270,5270,317757
2016.10.18,5260,5360,5230,5240,5240,214085
2016.10.19,5240,5250,5060,5070,5070,370686
2016.10.20,5120,5210,5070,5110,5110,196432
2016.10.21,5110,5180,5050,5140,5140,160081
2016.10.24,5050,5100,4975,4975,4975,339388
2016.10.25,4980,5140,4940,5030,5030,207741
2016.10.26,4960,5020,4830,4890,4890,329077
2016.10.27,4930,5040,4890,5030,5030,96157
2016.10.28,5030,5080,4985,5060,5060,116292
2016.10.31,5090,5090,4870,4915,4915,285882
2016.11.1,4830,4940,4830,4900,4900,200594
2016.11.2,5050,5130,4950,4960,4960,628810
2016.11.3,4875,5040,4850,5040,5040,213867
2016.11.4,5040,5110,4950,5090,5090,240691
2016.11.7,4960,5070,4950,5020,5020,288727
2016.11.8,5050,5120,5000,5120,5120,260792
2016.11.9,5140,6650,5000,6650,6650,19041488
2016.11.10,6000,6580,5440,5870,5870,17621630
2016.11.11,5930,6000,5360,5430,5430,4087950
2016.11.14,5430,5550,5390,5470,5470,1166197
2016.11.15,5400,5420,5150,5180,5180,1717880
2016.11.16,5180,5310,5160,5180,5180,960839
2016.11.17,5220,5300,5130,5250,5250,864417
2016.11.18,5260,5480,5170,5280,5280,1912822
2016.11.21,5390,5450,5180,5190,5190,1171567
2016.11.22,5170,5270,5080,5120,5120,569815
2016.11.23,5150,5200,5060,5110,5110,530934
2016.11.24,5100,5230,5070,5070,5070,573868
2016.11.25,5070,5180,5070,5180,5180,326419
2016.11.28,5170,5220,5140,5140,5140,243351
2016.11.29,5120,5230,5010,5050,5050,536803
2016.11.30,5080,5120,4985,5040,5040,332765
2016.12.1,5040,5150,5000,5150,5150,407965
2016.12.2,5170,5200,5090,5120,5120,383549
2016.12.5,5050,5090,4965,4965,4965,401509
2016.12.6,4960,5080,4955,5020,5020,165551
2016.12.7,4995,5100,4995,5030,5030,188504
2016.12.8,5040,5080,5000,5010,5010,161434
2016.12.9,5030,5200,5010,5160,5160,429056
2016.12.12,5150,5190,5070,5160,5160,293242
2016.12.13,5150,5240,5140,5190,5190,315413
2016.12.14,5220,5240,5160,5160,5160,287516
2016.12.15,5160,5250,5140,5210,5210,282866
2016.12.16,5230,5240,5140,5200,5200,227571
2016.12.19,5200,5230,5110,5110,5110,250396
2016.12.20,5130,5200,5110,5180,5180,217258
2016.12.21,5240,5260,5170,5220,5220,308744
2016.12.22,5200,5270,5150,5230,5230,234461
2016.12.23,5270,5410,5240,5400,5400,737280
2016.12.26,5410,5440,5330,5360,5360,365000
2016.12.27,5340,5460,5270,5270,5270,323450
2016.12.28,5290,5340,5260,5290,5290,141874
2016.12.29,5280,5390,5240,5270,5270,251026
2017.1.2,5290,5350,5240,5310,5310,172926
2017.1.3,5340,5520,5320,5400,5400,480982
2017.1.4,5410,5480,5380,5440,5440,178759
2017.1.5,5450,5460,5360,5410,5410,155802
2017.1.6,5440,5490,5400,5460,5460,347252
2017.1.9,5510,5510,5440,5470,5470,215601
2017.1.10,5490,5640,5360,5360,5360,1009943
2017.1.11,5360,5470,5320,5470,5470,281242
2017.1.12,5510,5600,5440,5470,5470,729032
2017.1.13,5480,5520,5360,5450,5450,232279
2017.1.16,5470,5610,5400,5560,5560,944547
2017.1.17,5530,5610,5500,5540,5540,423536
2017.1.18,5510,5550,5390,5450,5450,391516
2017.1.19,5460,5590,5450,5460,5460,622821
2017.1.20,5560,5630,5480,5520,5520,748530
2017.1.23,5450,5470,5200,5200,5200,704052
2017.1.24,5190,5270,5100,5220,5220,386458
2017.1.25,5220,5240,5130,5130,5130,174892
2017.1.26,5150,5240,5120,5240,5240,174057
2017.1.31,5230,5280,5190,5270,5270,212629
2017.2.1,5210,5310,5210,5270,5270,288426
2017.2.2,5210,5260,5120,5140,5140,415750
2017.2.3,5100,5190,5100,5160,5160,226257
2017.2.6,5170,5200,5090,5190,5190,130261
2017.2.7,5190,5310,5160,5270,5270,323147
2017.2.8,5290,5310,5180,5300,5300,162614
2017.2.9,5300,5310,5240,5270,5270,102745
2017.2.10,5290,5290,5170,5200,5200,217949
2017.2.13,5320,5350,5150,5150,5150,730232
2017.2.14,5130,5190,5100,5170,5170,213223
2017.2.15,5140,5190,5110,5180,5180,442297
2017.2.16,5180,5200,5120,5180,5180,183623
2017.2.17,5150,5190,5120,5150,5150,157722
2017.2.20,5120,5140,5030,5040,5040,282753
2017.2.21,5040,5090,5030,5050,5050,169540
2017.2.22,5040,5080,5030,5040,5040,128331
2017.2.23,5030,5070,4970,4975,4975,198291
2017.2.24,4975,5000,4920,4960,4960,177795
2017.2.27,4970,5030,4965,4980,4980,116352
2017.2.28,5030,5050,4975,5000,5000,105034
2017.3.2,5010,5080,5000,5020,5020,172179
2017.3.3,5080,5300,5010,5130,5130,1323905
2017.3.6,5310,5390,5040,5060,5060,1133143
2017.3.7,5040,5170,5000,5080,5080,451075
2017.3.8,5070,5130,5000,5010,5010,214673
2017.3.9,5030,5060,4980,4985,4985,197351
2017.3.10,4980,5000,4850,4895,4895,422911
2017.3.13,4925,5100,4910,5010,5010,430563
2017.3.14,5000,5050,4960,4995,4995,204601
2017.3.15,5010,5040,4920,4930,4930,185504
2017.3.16,4950,4990,4940,4970,4970,117237
2017.3.17,4995,5080,4960,5020,5020,369766
2017.3.20,5060,5130,5030,5050,5050,335394
2017.3.21,5050,5110,5010,5030,5030,147916
2017.3.22,5020,5070,4990,5010,5010,196543
2017.3.23,5020,5050,4980,5030,5030,174346
2017.3.24,5050,5100,5020,5090,5090,292706
2017.3.27,5090,5140,5060,5100,5100,301080
2017.3.28,5100,5160,5020,5140,5140,304012
2017.3.29,5170,5330,5150,5300,5300,1100575
2017.3.30,5350,5590,5270,5370,5370,2623131
2017.3.31,5400,5400,5260,5370,5370,599286
2017.4.3,5320,5320,5150,5150,5150,541391
2017.4.4,5130,5640,5130,5310,5310,3910105
2017.4.5,5290,5390,5140,5210,5210,1517796
2017.4.6,5230,5450,5170,5220,5220,2118121
2017.4.7,5220,5430,5200,5340,5340,1041961
2017.4.10,5530,6810,5470,6720,6720,24524709
2017.4.11,6310,7560,5960,6230,6230,24522658
2017.4.12,6500,7050,5790,5860,5860,15860547
2017.4.13,5750,6300,5600,5920,5920,7702436
2017.4.14,6180,6290,5550,5620,5620,10050693
2017.4.17,5630,5720,5460,5580,5580,1942489
2017.4.18,5600,5720,5360,5440,5440,1959127
2017.4.19,5410,5680,5330,5500,5500,2050011
2017.4.20,5530,5680,5460,5650,5650,1621441
2017.4.21,5620,5710,5490,5600,5600,1313891
2017.4.24,5690,6080,5510,5560,5560,6236517
2017.4.25,5540,5550,5180,5230,5230,2111683
2017.4.26,5200,5270,5120,5160,5160,889221
2017.4.27,5170,5290,5120,5140,5140,932172
2017.4.28,5170,5180,5070,5140,5140,446965
2017.5.2,5140,5140,4990,5010,5010,467991
2017.5.4,5040,5110,5020,5040,5040,344605
2017.5.8,5010,5140,4970,5130,5130,421689
2017.5.10,5090,5140,5050,5070,5070,309839
2017.5.11,5060,5120,5050,5100,5100,250234
2017.5.12,5130,5140,5040,5060,5060,208571
2017.5.15,5160,5210,5050,5050,5050,744776
2017.5.16,5060,5160,5000,5080,5080,303135
2017.5.17,5110,5110,4970,5000,5000,363923
2017.5.18,4970,4990,4910,4945,4945,188566
2017.5.19,4930,4970,4930,4935,4935,137459
2017.5.22,5010,5040,4940,4945,4945,214696
2017.5.23,4955,4965,4900,4910,4910,179007
2017.5.24,4930,4940,4875,4890,4890,248198
2017.5.25,4890,4900,4815,4820,4820,294474
2017.5.26,4805,4855,4805,4855,4855,149459
2017.5.29,4910,4935,4835,4835,4835,238349
2017.5.30,4830,4860,4825,4835,4835,124952
2017.5.31,4835,4915,4830,4910,4910,238627
2017.6.1,5210,5250,4960,4985,4985,1894159
2017.6.2,5020,5030,4970,5010,5010,238669
2017.6.5,4985,5020,4955,5000,5000,254144
2017.6.7,4985,5010,4950,4950,4950,194350
2017.6.8,4985,4990,4905,4925,4925,222968
2017.6.9,4910,4965,4910,4950,4950,139756
2017.6.12,4940,5090,4940,5050,5050,514406
2017.6.13,5040,5050,4980,5030,5030,183592
2017.6.14,5030,5030,4950,4980,4980,222025
2017.6.15,4980,5010,4950,4960,4960,115097
2017.6.16,4995,5070,4965,5030,5030,244104
2017.6.19,5030,5060,4990,4995,4995,119790
2017.6.20,5080,5220,5030,5140,5140,1837750
2017.6.21,5160,5220,5060,5090,5090,658568
2017.6.22,5090,5110,4965,4965,4965,403705
2017.6.23,4940,4985,4915,4955,4955,240857
2017.6.26,4950,4980,4895,4915,4915,202738
2017.6.27,4895,4940,4895,4915,4915,109694
2017.6.28,4915,4945,4895,4925,4925,133310
2017.6.29,4915,4950,4890,4910,4910,133290
2017.6.30,4900,4925,4900,4925,4925,74775
2017.7.3,4905,4915,4780,4785,4785,301045
2017.7.4,4800,5500,4790,5030,5030,6392388
2017.7.5,4980,5050,4820,4835,4835,1116215
2017.7.6,4850,4965,4850,4855,4855,808434
2017.7.7,4815,4910,4805,4870,4870,322991
2017.7.10,4840,4915,4810,4810,4810,268692
2017.7.11,4800,4825,4715,4720,4720,289917
2017.7.12,4715,4755,4655,4660,4660,143747
2017.7.13,4635,4690,4630,4650,4650,142900
2017.7.14,4650,4705,4350,4420,4420,355852
2017.7.17,4340,4480,4335,4480,4480,223558
2017.7.18,4445,4490,4390,4455,4455,128795
2017.7.19,4470,4495,4425,4455,4455,99429
2017.7.20,4500,4590,4490,4590,4590,130188
2017.7.21,4555,4625,4545,4620,4620,77887
2017.7.24,4620,4720,4615,4620,4620,145840
2017.7.25,4575,4775,4575,4775,4775,312227
2017.7.26,4800,4850,4735,4790,4790,393017
2017.7.27,4700,4735,4640,4660,4660,209187
2017.7.28,4610,4870,4610,4710,4710,253868
2017.7.31,4915,5040,4620,4635,4635,1312069
2017.8.1,4635,4715,4630,4660,4660,248767
2017.8.2,4640,4720,4635,4660,4660,173874
2017.8.3,4690,4950,4690,4770,4770,1215316
2017.8.4,4740,4760,4695,4720,4720,230645
2017.8.7,4740,4780,4660,4670,4670,240491
2017.8.8,4675,4790,4660,4690,4690,252226
2017.8.9,4900,5830,4820,5290,5290,10988619
2017.8.10,5330,6260,5230,5530,5530,19101320
2017.8.11,5950,6130,5360,5380,5380,9957292
2017.8.14,5230,5230,4900,4975,4975,2873775
2017.8.16,4725,4910,4715,4805,4805,1186731
2017.8.17,4780,4900,4765,4860,4860,760226
2017.8.18,4920,5020,4880,4925,4925,1145184
2017.8.21,4890,4975,4855,4860,4860,825077
2017.8.22,4900,4915,4755,4800,4800,741917
2017.8.23,4745,4780,4625,4630,4630,727921
2017.8.24,4600,4675,4595,4665,4665,320161
2017.8.25,4665,4665,4560,4565,4565,354083
2017.8.28,4600,4605,4545,4555,4555,325331
2017.8.29,4975,4990,4665,4665,4665,3969324
2017.8.30,4680,4775,4650,4730,4730,775639
2017.8.31,4710,4805,4665,4750,4750,431406
2017.9.1,4715,4845,4710,4820,4820,432162
2017.9.4,5680,5820,5060,5310,5310,6273479
2017.9.5,5150,5430,5050,5100,5100,3500784
2017.9.6,5100,5120,4905,4905,4905,1210194
2017.9.7,4895,5090,4885,5060,5060,974263
2017.9.8,5030,5070,4935,4940,4940,1002905
2017.9.11,4830,4910,4790,4800,4800,669899
2017.9.12,4755,4810,4725,4745,4745,496145
2017.9.13,4720,4850,4720,4820,4820,443242
2017.9.14,4815,4815,4700,4720,4720,340887
2017.9.15,4870,4895,4600,4620,4620,1371775
2017.9.18,4610,4700,4610,4630,4630,301098
2017.9.19,4630,4660,4600,4600,4600,252199
2017.9.20,4610,4935,4610,4805,4805,1234512
2017.9.21,4735,4875,4690,4690,4690,589427
2017.9.25,4960,5090,4805,4835,4835,1351919
2017.9.26,4835,4835,4835,4835,4835,0
2017.9.27,4625,4745,4625,4710,4710,543123
2017.9.28,4695,4845,4690,4825,4825,593786
2017.9.29,4755,4875,4750,4875,4875,594100
2017.10.10,4875,4930,4855,4900,4900,608745
2017.10.11,4840,4910,4810,4880,4880,372407
2017.10.12,4900,4950,4825,4865,4865,530264
2017.10.13,4865,4905,4780,4785,4785,402361
2017.10.16,4760,4840,4725,4810,4810,305888
2017.10.17,4780,4810,4755,4760,4760,203896
2017.10.18,4710,4730,4605,4620,4620,496086
2017.10.19,4605,4685,4590,4640,4640,167188
2017.10.20,4655,4685,4630,4680,4680,137652
2017.10.23,4655,4705,4650,4685,4685,119277
2017.10.24,4715,4715,4665,4680,4680,114178
2017.10.25,4680,4685,4630,4665,4665,134944
2017.10.26,4690,4710,4650,4660,4660,135926
2017.10.27,4635,4725,4625,4660,4660,169236
2017.10.30,4650,4685,4580,4595,4595,216947
2017.10.31,4575,4605,4500,4515,4515,230263
2017.11.1,4515,4560,4475,4525,4525,141495
2017.11.2,4535,4600,4520,4540,4540,164620
2017.11.3,4550,4595,4535,4595,4595,130381
2017.11.6,4620,4620,4540,4620,4620,139993
2017.11.7,4575,4645,4575,4615,4615,172960
2017.11.8,4630,4660,4555,4555,4555,200613
2017.11.9,4580,4580,4500,4520,4520,151415
2017.11.10,4530,4545,4510,4530,4530,86081
2017.11.13,4515,4515,4450,4450,4450,187735
2017.11.14,4440,4490,4440,4465,4465,99977
2017.11.15,4465,4495,4440,4445,4445,138555
2017.11.16,null,null,null,null,null,null
2017.11.17,4455,4455,4395,4405,4405,163351
2017.11.20,4400,4455,4395,4455,4455,115767
2017.11.21,4500,4580,4485,4565,4565,345922
2017.11.22,4585,4830,4540,4610,4610,901008
2017.11.23,null,null,null,null,null,null
2017.11.24,4520,4550,4515,4540,4540,100064
2017.11.27,4545,4655,4540,4610,4610,450956
2017.11.28,4610,4695,4595,4665,4665,449638
2017.11.29,4755,4815,4530,4530,4530,1453786
2017.11.30,4530,4565,4480,4485,4485,295375
2017.12.1,4460,4485,4410,4465,4465,204528
2017.12.4,4410,4485,4410,4465,4465,146069
2017.12.5,4470,4480,4430,4440,4440,103457
2017.12.6,4420,4480,4420,4440,4440,123034
2017.12.7,4440,4465,4290,4325,4325,326572
2017.12.8,4325,4450,4325,4450,4450,301708
2017.12.11,4400,4400,4315,4365,4365,178875
2017.12.12,4300,4365,4300,4330,4330,152673
2017.12.13,4330,4350,4315,4345,4345,133612
2017.12.14,4315,4355,4305,4305,4305,118276
2017.12.15,4305,4345,4275,4330,4330,79828
2017.12.18,4330,4360,4285,4360,4360,102730
2017.12.19,4330,4360,4220,4250,4250,244258
2017.12.21,4135,4180,4030,4045,4045,160312
2017.12.22,4040,4080,3980,4080,4080,128425
2017.12.26,4065,4120,4045,4050,4050,81085
2017.12.27,4010,4145,3990,4145,4145,106530
2017.12.28,4105,4190,4105,4190,4190,37938
2018.1.2,null,null,null,null,null,null
2018.1.3,4045,4140,4020,4090,4090,211460
2018.1.4,4115,4120,4065,4090,4090,114147
2018.1.5,4080,4110,4045,4060,4060,147491
2018.1.8,4060,4065,3950,4005,4005,322589
2018.1.9,4005,4045,3985,4020,4020,121631
2018.1.10,4045,4080,4005,4045,4045,122956
2018.1.11,4045,4070,4040,4055,4055,77324
2018.1.12,4050,4090,4000,4010,4010,117660
2018.1.15,4035,4035,3965,3980,3980,69091
2018.1.16,3970,3995,3940,3960,3960,112903
2018.1.17,3960,3970,3930,3940,3940,74963
2018.1.18,3940,3980,3910,3955,3955,83588
2018.1.19,3970,4020,3945,4005,4005,100279
2018.1.22,4015,4025,3985,4010,4010,70671
2018.1.23,4010,4025,3990,4010,4010,55737
2018.1.24,4030,4080,4010,4065,4065,75432
2018.1.25,4075,4145,4065,4130,4130,129055
2018.1.26,4110,4210,4110,4190,4190,191566
2018.1.29,4200,4280,4190,4250,4250,221815
2018.1.30,4285,4295,4225,4260,4260,146158
2018.1.31,4280,4280,4185,4230,4230,126081
2018.2.1,null,null,null,null,null,null
2018.2.2,null,null,null,null,null,null
2018.2.5,null,null,null,null,null,null
2018.2.6,null,null,null,null,null,null
2018.2.7,null,null,null,null,null,null
2018.2.8,null,null,null,null,null,null
2018.2.9,null,null,null,null,null,null
2018.2.12,null,null,null,null,null,null
2018.2.13,null,null,null,null,null,null
2018.2.14,null,null,null,null,null,null
2018.2.19,null,null,null,null,null,null
2018.2.20,null,null,null,null,null,null
2018.2.21,null,null,null,null,null,null
2018.2.22,null,null,null,null,null,null
2018.2.23,null,null,null,null,null,null
2018.2.26,null,null,null,null,null,null
2018.2.27,null,null,null,null,null,null
2018.2.28,null,null,null,null,null,null
2018.3.2,null,null,null,null,null,null
2018.3.5,null,null,null,null,null,null
2018.3.6,null,null,null,null,null,null
2018.3.7,null,null,null,null,null,null
2018.3.8,null,null,null,null,null,null
2018.3.9,null,null,null,null,null,null
2018.3.12,null,null,null,null,null,null
2018.3.13,null,null,null,null,null,null
2018.3.14,null,null,null,null,null,null
2018.3.15,null,null,null,null,null,null
2018.3.16,null,null,null,null,null,null
2018.3.19,null,null,null,null,null,null
2018.3.20,null,null,null,null,null,null
2018.3.21,null,null,null,null,null,null
2018.3.22,null,null,null,null,null,null
2018.3.23,null,null,null,null,null,null
2018.3.26,null,null,null,null,null,null
2018.3.27,null,null,null,null,null,null
2018.3.28,null,null,null,null,null,null
2018.3.29,null,null,null,null,null,null
2018.3.30,null,null,null,null,null,null
2018.4.2,null,null,null,null,null,null
2018.4.3,null,null,null,null,null,null
2018.4.4,null,null,null,null,null,null
2018.4.5,null,null,null,null,null,null
2018.4.6,null,null,null,null,null,null
2018.4.9,null,null,null,null,null,null
2018.4.10,null,null,null,null,null,null
2018.4.11,null,null,null,null,null,null
2018.4.12,null,null,null,null,null,null
2018.4.13,null,null,null,null,null,null
2018.4.16,null,null,null,null,null,null
2018.4.17,null,null,null,null,null,null
2018.4.18,null,null,null,null,null,null
2018.4.19,null,null,null,null,null,null
2018.4.20,null,null,null,null,null,null
2018.4.23,null,null,null,null,null,null
2018.4.24,null,null,null,null,null,null
2018.4.25,null,null,null,null,null,null
2018.4.26,null,null,null,null,null,null
2018.4.27,null,null,null,null,null,null
2018.4.30,null,null,null,null,null,null
2018.5.2,null,null,null,null,null,null
2018.5.3,null,null,null,null,null,null
2018.5.4,null,null,null,null,null,null
2018.5.8,null,null,null,null,null,null
2018.5.9,null,null,null,null,null,null
2018.5.10,null,null,null,null,null,null
2018.5.11,null,null,null,null,null,null
2018.5.14,null,null,null,null,null,null
2018.5.15,null,null,null,null,null,null
2018.5.16,null,null,null,null,null,null
2018.5.17,null,null,null,null,null,null
2018.5.18,null,null,null,null,null,null
2018.5.21,null,null,null,null,null,null
2018.5.23,null,null,null,null,null,null
2018.5.24,null,null,null,null,null,null
2018.5.25,null,null,null,null,null,null
2018.5.28,null,null,null,null,null,null
2018.5.29,null,null,null,null,null,null
2018.5.30,null,null,null,null,null,null
2018.5.31,null,null,null,null,null,null
2018.6.1,null,null,null,null,null,null
2018.6.4,null,null,null,null,null,null
2018.6.5,null,null,null,null,null,null
2018.6.7,null,null,null,null,null,null
2018.6.8,null,null,null,null,null,null
2018.6.11,null,null,null,null,null,null
2018.6.12,null,null,null,null,null,null
2018.6.14,null,null,null,null,null,null
2018.6.15,null,null,null,null,null,null
2018.6.18,null,null,null,null,null,null
2018.6.19,null,null,null,null,null,null
2018.6.20,null,null,null,null,null,null
2018.6.21,null,null,null,null,null,null
2018.6.22,null,null,null,null,null,null
2018.6.25,null,null,null,null,null,null
2018.6.26,null,null,null,null,null,null
2018.6.27,null,null,null,null,null,null
2018.6.28,null,null,null,null,null,null
2018.6.29,null,null,null,null,null,null
2018.7.2,null,null,null,null,null,null
2018.7.3,null,null,null,null,null,null
2018.7.4,null,null,null,null,null,null
2018.7.5,null,null,null,null,null,null
2018.7.6,null,null,null,null,null,null
2018.7.9,null,null,null,null,null,null
2018.7.10,null,null,null,null,null,null
2018.7.11,null,null,null,null,null,null
2018.7.12,null,null,null,null,null,null
2018.7.13,null,null,null,null,null,null
2018.7.16,null,null,null,null,null,null
2018.7.17,null,null,null,null,null,null
2018.7.18,null,null,null,null,null,null
2018.7.19,null,null,null,null,null,null
2018.7.20,null,null,null,null,null,null
2018.7.23,null,null,null,null,null,null
2018.7.24,null,null,null,null,null,null
2018.7.25,null,null,null,null,null,null
2018.7.26,null,null,null,null,null,null
2018.7.27,null,null,null,null,null,null
2018.7.30,null,null,null,null,null,null
2018.7.31,null,null,null,null,null,null
2018.8.1,null,null,null,null,null,null
2018.8.2,null,null,null,null,null,null
2018.8.3,null,null,null,null,null,null
2018.8.6,null,null,null,null,null,null
2018.8.7,null,null,null,null,null,null
2018.8.8,null,null,null,null,null,null
2018.8.9,null,null,null,null,null,null
2018.8.10,null,null,null,null,null,null
2018.8.13,null,null,null,null,null,null
2018.8.14,null,null,null,null,null,null
2018.8.16,null,null,null,null,null,null
2018.8.17,null,null,null,null,null,null
2018.8.20,null,null,null,null,null,null
2018.8.21,null,null,null,null,null,null
2018.8.22,null,null,null,null,null,null
2018.8.23,null,null,null,null,null,null
2018.8.24,null,null,null,null,null,null
2018.8.27,null,null,null,null,null,null
2018.8.28,null,null,null,null,null,null
2018.8.29,null,null,null,null,null,null
2018.8.30,null,null,null,null,null,null
2018.8.31,null,null,null,null,null,null
2018.9.3,null,null,null,null,null,null
2018.9.4,null,null,null,null,null,null
2018.9.5,null,null,null,null,null,null
2018.9.6,null,null,null,null,null,null
2018.9.7,null,null,null,null,null,null
2018.9.10,null,null,null,null,null,null
2018.9.11,null,null,null,null,null,null
2018.9.12,null,null,null,null,null,null
2018.9.13,null,null,null,null,null,null
2018.9.14,null,null,null,null,null,null
2018.9.17,null,null,null,null,null,null
2018.9.18,null,null,null,null,null,null
2018.9.19,null,null,null,null,null,null
2018.9.20,null,null,null,null,null,null
2018.9.21,null,null,null,null,null,null
2018.9.27,null,null,null,null,null,null
2018.9.28,null,null,null,null,null,null
2018.10.1,null,null,null,null,null,null
2018.10.2,null,null,null,null,null,null
2018.10.4,null,null,null,null,null,null
2018.10.5,null,null,null,null,null,null
2018.10.8,null,null,null,null,null,null
2018.10.10,null,null,null,null,null,null
2018.10.11,null,null,null,null,null,null
2018.10.12,null,null,null,null,null,null
2018.10.15,null,null,null,null,null,null
2018.10.16,null,null,null,null,null,null
2018.10.17,null,null,null,null,null,null
2018.10.18,null,null,null,null,null,null
2018.10.19,null,null,null,null,null,null
2018.10.22,null,null,null,null,null,null
2018.10.23,null,null,null,null,null,null
2018.10.24,null,null,null,null,null,null
2018.10.25,null,null,null,null,null,null
2018.10.26,null,null,null,null,null,null
2018.10.29,null,null,null,null,null,null
2018.10.30,null,null,null,null,null,null
2018.10.31,null,null,null,null,null,null
2018.11.1,null,null,null,null,null,null
2018.11.2,null,null,null,null,null,null
2018.11.5,null,null,null,null,null,null
2018.11.6,null,null,null,null,null,null
2018.11.7,null,null,null,null,null,null
2018.11.8,null,null,null,null,null,null
2018.11.9,null,null,null,null,null,null
2018.11.12,null,null,null,null,null,null
2018.11.13,null,null,null,null,null,null
2018.11.14,null,null,null,null,null,null
2018.11.15,null,null,null,null,null,null
2018.11.16,null,null,null,null,null,null
2018.11.19,null,null,null,null,null,null
2018.11.20,null,null,null,null,null,null
2018.11.21,null,null,null,null,null,null
2018.11.22,null,null,null,null,null,null
2018.11.23,null,null,null,null,null,null
2018.11.26,null,null,null,null,null,null
2018.11.27,null,null,null,null,null,null
2018.11.28,null,null,null,null,null,null
2018.11.29,null,null,null,null,null,null
2018.11.30,null,null,null,null,null,null
2018.12.3,null,null,null,null,null,null
2018.12.4,null,null,null,null,null,null
2018.12.5,null,null,null,null,null,null
2018.12.6,null,null,null,null,null,null
2018.12.7,null,null,null,null,null,null
2018.12.10,null,null,null,null,null,null
2018.12.11,null,null,null,null,null,null
2018.12.12,null,null,null,null,null,null
2018.12.13,null,null,null,null,null,null
2018.12.14,null,null,null,null,null,null
2018.12.17,null,null,null,null,null,null
2018.12.18,null,null,null,null,null,null
2018.12.19,null,null,null,null,null,null
2018.12.20,null,null,null,null,null,null
2018.12.21,null,null,null,null,null,null
2018.12.24,null,null,null,null,null,null
2018.12.26,null,null,null,null,null,null
2018.12.27,null,null,null,null,null,null
2018.12.28,null,null,null,null,null,null
2019.1.2,null,null,null,null,null,null
2019.1.3,null,null,null,null,null,null
2019.1.4,null,null,null,null,null,null
2019.1.7,null,null,null,null,null,null
2019.1.8,null,null,null,null,null,null
2019.1.9,null,null,null,null,null,null
2019.1.10,null,null,null,null,null,null
2019.1.11,null,null,null,null,null,null
2019.1.14,null,null,null,null,null,null
2019.1.15,null,null,null,null,null,null
2019.1.16,null,null,null,null,null,null
2019.1.17,null,null,null,null,null,null
2019.1.18,null,null,null,null,null,null
2019.1.21,null,null,null,null,null,null
2019.1.22,null,null,null,null,null,null
2019.1.23,null,null,null,null,null,null
2019.1.24,null,null,null,null,null,null
2019.1.25,null,null,null,null,null,null
2019.1.28,null,null,null,null,null,null
2019.1.29,null,null,null,null,null,null
2019.1.30,null,null,null,null,null,null
2019.1.31,null,null,null,null,null,null
2019.2.1,null,null,null,null,null,null
2019.2.7,null,null,null,null,null,null
2019.2.8,null,null,null,null,null,null
2019.2.11,null,null,null,null,null,null
2019.2.12,null,null,null,null,null,null
2019.2.13,null,null,null,null,null,null
2019.2.14,null,null,null,null,null,null
2019.2.15,null,null,null,null,null,null
2019.2.18,null,null,null,null,null,null
2019.2.19,null,null,null,null,null,null
2019.2.20,null,null,null,null,null,null
2019.2.21,null,null,null,null,null,null
2019.2.22,null,null,null,null,null,null
2019.2.25,null,null,null,null,null,null
2019.2.26,null,null,null,null,null,null
2019.2.27,null,null,null,null,null,null
2019.2.28,null,null,null,null,null,null
2019.3.4,null,null,null,null,null,null
2019.3.5,null,null,null,null,null,null
2019.3.6,null,null,null,null,null,null
2019.3.7,null,null,null,null,null,null
2019.3.8,null,null,null,null,null,null
2019.3.11,null,null,null,null,null,null
2019.3.12,null,null,null,null,null,null
2019.3.13,null,null,null,null,null,null
2019.3.14,null,null,null,null,null,null
2019.3.15,null,null,null,null,null,null
2019.3.18,null,null,null,null,null,null
2019.3.19,null,null,null,null,null,null
2019.3.20,null,null,null,null,null,null
2019.3.21,null,null,null,null,null,null
2019.3.22,null,null,null,null,null,null
2019.3.25,null,null,null,null,null,null
2019.3.26,null,null,null,null,null,null
2019.3.27,null,null,null,null,null,null
2019.3.28,null,null,null,null,null,null
2019.3.29,null,null,null,null,null,null
2019.4.1,null,null,null,null,null,null
2019.4.2,null,null,null,null,null,null
2019.4.3,null,null,null,null,null,null
2019.4.4,null,null,null,null,null,null
2019.4.5,null,null,null,null,null,null
2019.4.8,null,null,null,null,null,null
2019.4.9,null,null,null,null,null,null
2019.4.10,null,null,null,null,null,null
2019.4.11,null,null,null,null,null,null
2019.4.12,null,null,null,null,null,null
2019.4.15,null,null,null,null,null,null
2019.4.16,null,null,null,null,null,null
2019.4.17,null,null,null,null,null,null
2019.4.18,null,null,null,null,null,null
2019.4.19,null,null,null,null,null,null
2019.4.22,null,null,null,null,null,null
2019.4.23,null,null,null,null,null,null
2019.4.24,null,null,null,null,null,null
2019.4.25,null,null,null,null,null,null
2019.4.26,null,null,null,null,null,null
2019.4.29,null,null,null,null,null,null
2019.4.30,null,null,null,null,null,null
2019.5.2,null,null,null,null,null,null
2019.5.3,null,null,null,null,null,null
2019.5.7,null,null,null,null,null,null
2019.5.8,null,null,null,null,null,null
2019.5.9,null,null,null,null,null,null
2019.5.10,null,null,null,null,null,null
2019.5.13,null,null,null,null,null,null
2019.5.14,null,null,null,null,null,null
2019.5.15,null,null,null,null,null,null
2019.5.16,null,null,null,null,null,null
2019.5.17,null,null,null,null,null,null
2019.5.20,null,null,null,null,null,null
2019.5.21,null,null,null,null,null,null
2019.5.22,null,null,null,null,null,null
2019.5.23,null,null,null,null,null,null
2019.5.24,null,null,null,null,null,null
2019.5.27,null,null,null,null,null,null
2019.5.28,null,null,null,null,null,null
2019.5.29,null,null,null,null,null,null
2019.5.30,null,null,null,null,null,null
2019.5.31,null,null,null,null,null,null
2019.6.3,null,null,null,null,null,null
2019.6.4,null,null,null,null,null,null
2019.6.5,null,null,null,null,null,null
2019.6.7,null,null,null,null,null,null
2019.6.10,null,null,null,null,null,null
2019.6.11,null,null,null,null,null,null
2019.6.12,null,null,null,null,null,null
2019.6.13,null,null,null,null,null,null
2019.6.14,null,null,null,null,null,null
2019.6.17,null,null,null,null,null,null
2019.6.18,null,null,null,null,null,null
2019.6.19,null,null,null,null,null,null
2019.6.20,null,null,null,null,null,null
2019.6.21,null,null,null,null,null,null
2019.6.24,null,null,null,null,null,null
2019.6.25,null,null,null,null,null,null
2019.6.26,null,null,null,null,null,null
2019.6.27,null,null,null,null,null,null
2019.6.28,null,null,null,null,null,null
2019.7.1,null,null,null,null,null,null
2019.7.2,null,null,null,null,null,null
2019.7.3,null,null,null,null,null,null
2019.7.4,null,null,null,null,null,null
2019.7.5,null,null,null,null,null,null
2019.7.8,null,null,null,null,null,null
2019.7.9,null,null,null,null,null,null
2019.7.10,null,null,null,null,null,null
2019.7.11,null,null,null,null,null,null
2019.7.12,null,null,null,null,null,null
2019.7.15,null,null,null,null,null,null
2019.7.16,null,null,null,null,null,null
2019.7.17,null,null,null,null,null,null
2019.7.18,null,null,null,null,null,null
2019.7.19,null,null,null,null,null,null
2019.7.22,null,null,null,null,null,null
2019.7.23,null,null,null,null,null,null
2019.7.24,null,null,null,null,null,null
2019.7.25,null,null,null,null,null,null
2019.7.26,null,null,null,null,null,null
2019.7.29,null,null,null,null,null,null
2019.7.30,null,null,null,null,null,null
2019.7.31,null,null,null,null,null,null
2019.8.1,null,null,null,null,null,null
2019.8.2,null,null,null,null,null,null
2019.8.5,null,null,null,null,null,null
2019.8.6,null,null,null,null,null,null
2019.8.7,null,null,null,null,null,null
2019.8.8,null,null,null,null,null,null
2019.8.9,null,null,null,null,null,null
2019.8.12,null,null,null,null,null,null
2019.8.13,null,null,null,null,null,null
2019.8.14,null,null,null,null,null,null
2019.8.16,null,null,null,null,null,null
2019.8.19,null,null,null,null,null,null
2019.8.20,null,null,null,null,null,null
2019.8.21,null,null,null,null,null,null
2019.8.22,null,null,null,null,null,null
2019.8.23,null,null,null,null,null,null
2019.8.26,null,null,null,null,null,null
2019.8.27,null,null,null,null,null,null
2019.8.28,null,null,null,null,null,null
2019.8.29,null,null,null,null,null,null
2019.8.30,null,null,null,null,null,null
2019.9.2,null,null,null,null,null,null
2019.9.3,null,null,null,null,null,null
2019.9.4,null,null,null,null,null,null
2019.9.5,null,null,null,null,null,null
2019.9.6,null,null,null,null,null,null
2019.9.9,null,null,null,null,null,null
2019.9.10,null,null,null,null,null,null
2019.9.11,null,null,null,null,null,null
2019.9.16,null,null,null,null,null,null
2019.9.17,null,null,null,null,null,null
2019.9.18,null,null,null,null,null,null
2019.9.19,null,null,null,null,null,null
2019.9.20,null,null,null,null,null,null
2019.9.23,null,null,null,null,null,null
2019.9.24,null,null,null,null,null,null
2019.9.25,null,null,null,null,null,null
2019.9.26,null,null,null,null,null,null
2019.9.27,null,null,null,null,null,null
2019.9.30,null,null,null,null,null,null
2019.10.1,null,null,null,null,null,null
2019.10.2,null,null,null,null,null,null
2019.10.4,null,null,null,null,null,null
2019.10.7,null,null,null,null,null,null
2019.10.8,null,null,null,null,null,null
2019.10.10,null,null,null,null,null,null
2019.10.11,null,null,null,null,null,null
2019.10.14,null,null,null,null,null,null
2019.10.15,null,null,null,null,null,null
2019.10.16,null,null,null,null,null,null
2019.10.17,null,null,null,null,null,null
2019.10.18,null,null,null,null,null,null
2019.10.21,null,null,null,null,null,null
2019.10.22,null,null,null,null,null,null
2019.10.23,null,null,null,null,null,null
2019.10.24,null,null,null,null,null,null
2019.10.25,null,null,null,null,null,null
2019.10.28,null,null,null,null,null,null
2019.10.29,null,null,null,null,null,null
2019.10.30,null,null,null,null,null,null
2019.10.31,null,null,null,null,null,null
2019.11.1,null,null,null,null,null,null
2019.11.4,null,null,null,null,null,null
2019.11.5,null,null,null,null,null,null
2019.11.6,null,null,null,null,null,null
2019.11.7,null,null,null,null,null,null
2019.11.8,null,null,null,null,null,null
2019.11.11,null,null,null,null,null,null
2019.11.12,null,null,null,null,null,null
2019.11.13,null,null,null,null,null,null
2019.11.14,null,null,null,null,null,null
2019.11.15,null,null,null,null,null,null
2019.11.18,null,null,null,null,null,null
2019.11.19,null,null,null,null,null,null
2019.11.20,null,null,null,null,null,null
2019.11.21,null,null,null,null,null,null
2019.11.22,null,null,null,null,null,null
2019.11.25,null,null,null,null,null,null
2019.11.26,null,null,null,null,null,null
2019.11.27,null,null,null,null,null,null
2019.11.28,null,null,null,null,null,null
2019.11.29,null,null,null,null,null,null
2019.12.2,null,null,null,null,null,null
2019.12.3,null,null,null,null,null,null
2019.12.4,null,null,null,null,null,null
2019.12.5,null,null,null,null,null,null
2019.12.6,null,null,null,null,null,null
2019.12.9,null,null,null,null,null,null
2019.12.10,null,null,null,null,null,null
2019.12.11,null,null,null,null,null,null
2019.12.12,null,null,null,null,null,null
2019.12.13,null,null,null,null,null,null
2019.12.16,null,null,null,null,null,null
2019.12.17,null,null,null,null,null,null
2019.12.18,null,null,null,null,null,null
2019.12.19,null,null,null,null,null,null
2019.12.20,null,null,null,null,null,null
2019.12.23,null,null,null,null,null,null
2019.12.24,null,null,null,null,null,null
2019.12.26,null,null,null,null,null,null
2019.12.27,null,null,null,null,null,null
2019.12.30,null,null,null,null,null,null
2020.1.2,null,null,null,null,null,null
2020.1.3,null,null,null,null,null,null
2020.1.6,null,null,null,null,null,null
2020.1.7,null,null,null,null,null,null
2020.1.8,null,null,null,null,null,null
2020.1.9,null,null,null,null,null,null
2020.1.10,null,null,null,null,null,null
2020.1.13,null,null,null,null,null,null
2020.1.14,null,null,null,null,null,null
2020.1.15,null,null,null,null,null,null
2020.1.16,null,null,null,null,null,null
2020.1.17,null,null,null,null,null,null
2020.1.20,null,null,null,null,null,null
2020.1.21,null,null,null,null,null,null
2020.1.22,null,null,null,null,null,null
2020.1.23,null,null,null,null,null,null
2020.1.28,null,null,null,null,null,null
2020.1.29,null,null,null,null,null,null
2020.1.30,null,null,null,null,null,null
2020.1.31,null,null,null,null,null,null
2020.2.3,null,null,null,null,null,null
2020.2.4,null,null,null,null,null,null
2020.2.5,null,null,null,null,null,null
2020.2.6,null,null,null,null,null,null
2020.2.7,null,null,null,null,null,null
2020.2.10,null,null,null,null,null,null
2020.2.11,null,null,null,null,null,null
2020.2.12,null,null,null,null,null,null
2020.2.13,null,null,null,null,null,null
2020.2.14,null,null,null,null,null,null
2020.2.17,null,null,null,null,null,null
2020.2.18,null,null,null,null,null,null
2020.2.19,null,null,null,null,null,null
2020.2.20,null,null,null,null,null,null
2020.2.21,null,null,null,null,null,null
2020.2.24,null,null,null,null,null,null
2020.2.25,null,null,null,null,null,null
2020.2.26,null,null,null,null,null,null
2020.2.27,null,null,null,null,null,null
2020.2.28,null,null,null,null,null,null
2020.3.2,null,null,null,null,null,null
2020.3.3,null,null,null,null,null,null
2020.3.4,null,null,null,null,null,null
2020.3.5,null,null,null,null,null,null
2020.3.6,null,null,null,null,null,null
2020.3.9,null,null,null,null,null,null
2020.3.10,null,null,null,null,null,null
2020.3.11,null,null,null,null,null,null
2020.3.12,null,null,null,null,null,null
2020.3.13,null,null,null,null,null,null
2020.3.16,null,null,null,null,null,null
2020.3.17,null,null,null,null,null,null
2020.3.18,null,null,null,null,null,null
2020.3.19,null,null,null,null,null,null
2020.3.20,null,null,null,null,null,null
2020.3.23,null,null,null,null,null,null
2020.3.24,null,null,null,null,null,null
2020.3.25,null,null,null,null,null,null
2020.3.26,null,null,null,null,null,null
2020.3.27,null,null,null,null,null,null
2020.3.30,null,null,null,null,null,null
2020.3.31,null,null,null,null,null,null
2020.4.1,null,null,null,null,null,null
2020.4.2,null,null,null,null,null,null
2020.4.3,null,null,null,null,null,null
2020.4.6,null,null,null,null,null,null
2020.4.7,null,null,null,null,null,null
2020.4.8,null,null,null,null,null,null
2020.4.9,null,null,null,null,null,null
2020.4.10,null,null,null,null,null,null
2020.4.13,null,null,null,null,null,null
2020.4.14,null,null,null,null,null,null
2020.4.16,null,null,null,null,null,null
2020.4.17,null,null,null,null,null,null
2020.4.20,null,null,null,null,null,null
2020.4.21,null,null,null,null,null,null
2020.4.22,null,null,null,null,null,null
2020.4.23,null,null,null,null,null,null
2020.4.24,null,null,null,null,null,null
2020.4.27,null,null,null,null,null,null
2020.4.28,null,null,null,null,null,null
2020.4.29,4830,5270,4335,4350,4350,13949656